FragmentSize,Tstat Raw vs Corrected,Pval Raw vs Corrected,Tstat Linear vs Corrected,Pval Linear vs Corrected
100-200,22.53579848275612,7.72561238218454e-27,13.149598747019356,2.3166870403339917e-17
200-300,21.529243020653247,5.494056534936194e-26,10.441428377554294,7.798507079679487e-14
250-450,15.757265809522249,2.2027652795721945e-20,8.75201662539561,1.9689807101547413e-11
300-400,14.533597664258338,5.218889509190618e-19,6.668621718074535,2.6028639877906823e-08
500-600,8.027902226501142,2.3143987036078694e-10,2.90101106987858,0.0056428012782762365
