ExpressionLevel,Tstat Raw vs Corrected,Pval Raw vs Corrected,Tstat Linear vs Corrected,Pval Linear vs Corrected
5,16.972812924660957,1.1178528389737848e-21,11.719812043933716,1.4995732179235363e-15
10,20.890962048561896,1.982680523300538e-25,13.82912216435455,3.494637972394354e-18
20,24.239269267960356,3.2814347538077066e-28,15.38610299116555,5.650828339158385e-20
40,24.261929773822768,3.150453937784342e-28,15.786642662585534,2.04582516242043e-20
80,24.740028056823782,1.343978953820849e-28,15.867348439301745,1.6706836789337726e-20
160,23.4661576434547,1.3434759135735055e-27,15.370471554331258,5.881523802065896e-20
